TIME,LATITUDE,LONGITUDE,MODALITY,SNR,CFO,BLER,INDEX,SEGMENTS,MISS
15:18:20,45.067441167,7.656063,8,10,22.74,,1,172937.ts ,
15:18:21,45.067440833,7.656064,8,10,22.68,,,,
15:18:22,45.067443333,7.656071667,8,10,22.87,,1,,
15:18:23,45.067443833,7.6560755,8,10,22.85,,1,172938.ts ,
15:18:24,45.067444,7.656080167,8,10,23.40,,,,
15:18:25,45.0674455,7.656086167,8,10,22.53,,1,,
15:18:26,45.067448333,7.656092833,8,10,24.23,,1,172939.ts ,
15:18:27,45.067442167,7.656079167,8,10,24.76,,,,
15:18:28,45.067445167,7.656081833,8,10,23.42,,,,
15:18:29,45.067436833,7.6560645,8,10,22.33,,1,172940.ts ,
15:18:30,45.067433,7.656059333,8,10,21.81,,,,
15:18:31,45.067427647,7.656066513,8,10,22.48,,1,,
15:18:32,45.067422293,7.656073693,8,10,21.14,,1,172941.ts ,
15:18:33,45.067416940,7.656080873,8,10,21.73,,,,
15:18:34,45.067411587,7.656088053,8,10,22.61,,1,,
15:18:35,45.067406233,7.656095233,8,10,20.44,,1,172942.ts ,
15:18:36,45.067400880,7.656102413,8,10,20.35,,1,,
15:18:37,45.067395527,7.656109593,8,10,21.60,,1,,
15:18:38,45.067390173,7.656116773,8,10,21.80,,1,172943.ts ,
15:18:39,45.067384820,7.656123953,8,10,21.06,,,,
15:18:40,45.067379467,7.656131133,8,10,20.86,,,,
15:18:41,45.067374113,7.656138313,8,10,20.61,,1,172944.ts ,
15:18:42,45.067368760,7.656145493,8,10,20.62,,1,,
15:18:43,45.067363407,7.656152673,8,10,20.12,,1,,
15:18:44,45.067358054,7.656159853,8,10,18.54,,1,172945.ts ,
15:18:45,45.067352700,7.656167033,8,10,20.76,,1,,
15:18:46,45.067347347,7.656174213,8,10,21.13,,1,,
15:18:47,45.067341994,7.656181393,8,10,20.92,,1,172946.ts ,
15:18:48,45.067336640,7.656188573,8,10,19.49,,1,,
15:18:49,45.067331287,7.656195753,8,10,21.13,,1,,
15:18:50,45.067325934,7.656202933,8,10,22.02,,1,172947.ts ,
15:18:51,45.067320580,7.656210113,8,0,,,1,,
15:18:52,45.067315227,7.656217293,8,10,22.78,,1,,
15:18:53,45.067309874,7.656224473,8,10,21.12,,1,172948.ts ,
15:18:54,45.067304520,7.656231653,8,10,18.72,,1,,
15:18:55,45.067299167,7.656238833,8,10,20.89,,1,,
15:18:56,45.067279500,7.656236111,8,10,21.23,,1,172949.ts ,
15:18:57,45.067259834,7.656233389,8,10,21.42,,1,,
15:18:58,45.067240167,7.656230667,8,10,21.65,,1,,
15:18:59,45.0672095,7.656215333,8,10,19.76,,,172950.ts ,
15:19:00,45.067185667,7.6562195,8,10,18.53,,1,,
15:19:01,45.067154167,7.656204333,8,10,18.36,,1,,
15:19:02,45.067123833,7.656187667,8,0,17.24,,1,172951.ts ,
15:19:03,45.067094833,7.656199833,8,10,18.58,,1,,
15:19:04,45.067079167,7.656151333,8,10,16.59,,,,
15:19:05,45.067075833,7.656099333,8,10,15.34,,1,172952.ts ,
15:19:06,45.067079,7.655985,8,10,13.86,,1,,
15:19:07,45.067083750,7.655949731,8,10,12.77,,1,,
15:19:08,45.067088500,7.655914462,8,10,11.07,,,172953.ts ,
15:19:09,45.067093250,7.655879192,8,10,10.07,,1,,
15:19:10,45.067098000,7.655843923,8,10,9.836,,1,,
15:19:11,45.067102750,7.655808654,8,10,10.06,,1,172954.ts ,
15:19:12,45.067107500,7.655773385,8,10,10.90,,1,,
15:19:13,45.067112250,7.655738115,8,10,11.02,,,,
15:19:14,45.067117000,7.655702846,8,10,11.30,,1,172955.ts ,
15:19:15,45.067121750,7.655667577,8,10,13.27,,1,,
15:19:16,45.067126500,7.655632308,8,10,13.55,,,,
15:19:17,45.067131250,7.655597038,8,10,14.92,,1,172956.ts ,
15:19:18,45.067136000,7.655561769,8,10,16.76,,1,,
15:19:19,45.067140750,7.655526500,8,10,17.81,,1,,
15:19:20,45.067145500,7.655491231,8,10,18.56,,1,172957.ts ,
15:19:21,45.067150250,7.655455962,8,10,19.39,,1,,
15:19:22,45.067155000,7.655420692,8,10,18.90,,1,,
15:19:23,45.067159750,7.655385423,8,10,19.17,,1,172958.ts ,
15:19:24,45.067164500,7.655350154,8,10,18.96,,1,,
15:19:25,45.067169250,7.655314885,8,10,19.33,,1,,
15:19:26,45.067174000,7.655279615,8,10,19.17,,,172959.ts ,
15:19:27,45.067178750,7.655244346,8,10,18.94,,1,,
15:19:28,45.067183500,7.655209077,8,10,18.81,,1,,
15:19:29,45.067188250,7.655173808,8,10,18.97,,1,172960.ts ,
15:19:30,45.067193000,7.655138538,8,10,19.03,,1,,
15:19:31,45.067197750,7.655103269,8,10,18.89,,1,,
15:19:32,45.0672025,7.655068,8,10,18.01,,1,172961.ts ,
15:19:33,45.0672005,7.6550555,8,10,18.55,,1,,
15:19:34,45.067201333,7.655045167,8,10,18.73,,1,,
15:19:35,45.067202667,7.655040333,8,10,18.44,,1,172962.ts ,
15:19:36,45.067204167,7.655037,8,10,18.22,,1,,
15:19:37,45.067209833,7.655043833,8,10,17.94,,,,
15:19:38,45.067214667,7.655046833,8,10,17.63,,,172963.ts ,
15:19:39,45.067221,7.655050167,8,10,18.09,,1,,
15:19:40,45.067226333,7.655057667,8,10,17.71,,,,
15:19:41,45.0672355,7.6550655,8,10,17.87,,,172964.ts ,
15:19:42,45.067241167,7.655069833,8,10,17.81,,1,,
15:19:43,45.067246,7.655072667,8,10,17.67,,1,,
15:19:44,45.067251167,7.655074,8,10,18.33,,1,172965.ts ,
15:19:45,45.067254667,7.655078167,8,10,18.49,,1,,
15:19:46,45.067259333,7.6550825,8,10,18.23,,1,,
15:19:47,45.0672635,7.6550885,8,10,18.38,,1,172966.ts ,
15:19:48,45.067262333,7.655085833,8,10,18.33,,1,,
15:19:49,45.067259333,7.655081333,8,10,18.19,,,,
15:19:50,45.067256833,7.655078167,8,10,18.41,,,172967.ts ,
15:19:51,45.067252,7.655072333,8,10,18.12,,1,,
15:19:52,45.067245292,7.655065541,8,10,18.21,,,,
15:19:53,45.067238584,7.655058750,8,10,17.79,,1,172968.ts ,
15:19:54,45.067231875,7.655051958,8,10,18.30,,1,,
15:19:55,45.067225167,7.655045167,8,10,17.96,,,,
15:19:56,45.067211833,7.6550315,8,10,18.13,,1,172969.ts ,
15:19:57,45.067209667,7.65503,8,10,17.96,,,,
15:19:58,45.067190333,7.655010167,8,10,18.66,,,,
15:19:59,45.067189167,7.655009667,8,10,18.73,,1,172970.ts ,
15:20:00,45.067187667,7.655009333,8,10,18.30,,1,,
15:20:01,45.067186,7.655009,8,10,18.61,,,,
15:20:02,45.067183667,7.655007333,8,10,18.19,,1,172971.ts ,
15:20:03,45.067181667,7.655006,8,10,18.13,,1,,
15:20:04,45.067177667,7.655003333,8,10,18.20,,,,
15:20:05,45.0671665,7.654993167,8,10,18.32,,1,172972.ts ,
15:20:06,45.067161333,7.654986833,8,10,18.37,,1,,
15:20:07,45.067151167,7.654978,8,10,18.35,,,,
15:20:08,45.067144833,7.654972,8,10,17.88,,1,172973.ts ,
15:20:09,45.067144167,7.6549705,8,10,18.37,,1,,
15:20:10,45.067134333,7.654962833,8,10,17.95,,,,
15:20:11,45.067123333,7.654954333,8,10,17.89,,1,172974.ts ,
15:20:12,45.067115167,7.6549475,8,10,17.82,,1,,
15:20:13,45.067103667,7.654938833,8,10,17.86,,,,
15:20:14,45.0671025,7.654937833,8,10,17.96,,1,172975.ts ,
15:20:15,45.067095,7.654932667,8,10,18.08,,1,,
15:20:16,45.0670965,7.654934167,8,10,17.97,,,,
15:20:17,45.067085,7.654925333,8,10,17.72,,1,172976.ts ,
15:20:18,45.067075667,7.654918667,8,10,18.00,,1,,
15:20:19,45.067068167,7.654909,8,10,18.26,,,,
15:20:20,45.067067833,7.654890333,8,10,16.78,,1,172977.ts ,
15:20:21,45.067071333,7.654860333,8,10,13.60,,,,
15:20:22,45.067076333,7.654823667,8,10,10.93,,,,
15:20:24,45.067086833,7.654751167,8,10,9.948,,1,172978.ts ,
15:20:25,45.067098667,7.654726167,8,10,10.67,,1,,
15:20:26,45.067099667,7.654693667,8,10,11.12,,1,172979.ts ,
15:20:27,45.067089,7.654652,8,10,11.70,,1,,
15:20:28,45.067076167,7.654613333,8,10,11.20,,,,
15:20:29,45.067061,7.654585,8,10,10.69,,1,172980.ts ,
15:20:30,45.0670305,7.654568833,8,10,12.85,,,,
15:20:31,45.066993333,7.6545645,8,10,16.97,,1,,
15:20:32,45.066955667,7.654570333,8,10,13.28,,1,172981.ts ,
15:20:33,45.066898,7.6545675,8,10,9.884,,,,
15:20:34,45.066855667,7.654582333,8,10,8.775,,1,,
15:20:35,45.066824333,7.654629667,8,10,7.503,,1,172982.ts ,
15:20:36,45.066792,7.654674667,8,10,7.874,,1,,
15:20:37,45.066772333,7.654728833,8,10,9.312,,,,
15:20:38,45.066733333,7.654779333,8,10,18.53,,1,172983.ts ,
15:20:39,45.066700333,7.654834667,8,10,18.59,,,,
15:20:40,45.066645167,7.654876333,8,10,21.15,,,,
15:20:41,45.066566167,7.6549055,8,10,23.74,,1,172984.ts ,
15:20:42,45.0665735,7.6549815,8,10,21.32,,1,,
15:20:43,45.066497667,7.655003333,8,10,13.80,,,,
15:20:44,45.066462833,7.655042167,8,10,1.734,,1,172985.ts ,
15:20:45,45.0664335,7.6550905,8,10,5.507,,,,
15:20:46,45.066352333,7.655111667,8,10,11.29,,1,,
15:20:47,45.066276833,7.655145,8,10,3.591,,1,172986.ts ,
15:20:48,45.066216333,7.65519,8,10,12.73,,,,
15:20:49,45.0661675,7.6552365,8,10,11.78,,1,,
15:20:50,45.066115833,7.655271333,8,10,16.64,,1,172987.ts ,
15:20:51,45.066025083,7.655289320,8,10,16.60,,,,
15:20:52,45.065934333,7.655307307,8,10,22.18,,1,,
15:20:53,45.065843583,7.655325294,8,10,22.08,,1,172988.ts ,
15:20:54,45.065752833,7.655343280,8,10,17.93,,,,
15:20:55,45.065662083,7.655361267,8,10,14.78,,1,,
15:20:56,45.065571333,7.655379254,8,10,16.68,,1,172989.ts ,
15:20:57,45.065480583,7.655397241,8,10,25.96,,,,
15:20:58,45.065389833,7.655415228,8,10,21.86,,1,,
15:20:59,45.065299083,7.655433215,8,10,22.08,,1,172990.ts ,
15:21:00,45.065208333,7.655451201,8,10,17.37,,,,
15:21:01,45.065117583,7.655469188,8,10,12.83,,1,,
15:21:02,45.065026833,7.655487175,8,10,20.59,,1,172991.ts ,
15:21:03,45.064936083,7.655505162,8,10,20.42,,,,
15:21:04,45.064845333,7.655523149,8,10,18.28,,1,,
15:21:05,45.064754583,7.655541136,8,10,18.11,,1,172992.ts ,
15:21:06,45.064663833,7.655559122,8,10,19.04,,1,,
15:21:07,45.064573083,7.655577109,8,10,12.52,,,,
15:21:08,45.064482333,7.655595096,8,10,22.00,,1,172993.ts ,
15:21:09,45.064391583,7.655613083,8,10,17.63,,,,
15:21:10,45.064300833,7.655631070,8,10,14.98,,,,
15:21:11,45.064210083,7.655649057,8,10,18.78,,,172994.ts ,
15:21:12,45.064119333,7.655667044,8,10,18.54,,1,,
15:21:13,45.064028583,7.655685030,8,10,19.89,,,,
15:21:14,45.063937833,7.655703017,8,10,19.49,,1,172995.ts ,
15:21:15,45.063847083,7.655721004,8,10,13.54,,1,,
15:21:16,45.063756333,7.655738991,8,10,17.05,,,,
15:21:17,45.063665583,7.655756978,8,10,18.10,,1,172996.ts ,
15:21:18,45.063574833,7.655774965,8,10,17.48,,,,
15:21:19,45.063484083,7.655792951,8,10,19.18,,1,,
15:21:20,45.063393333,7.655810938,8,10,18.19,,1,,
15:21:21,45.063302583,7.655828925,8,10,18.23,,1,172997.ts ,
15:21:22,45.063211833,7.655846912,8,10,18.91,,,,
15:21:23,45.063121083,7.655864899,8,10,20.18,,1,172998.ts ,
15:21:24,45.063030333,7.655882886,8,10,20.63,,,,
15:21:25,45.062939583,7.655900872,8,10,22.04,,1,,
15:21:26,45.062848833,7.655918859,8,10,22.11,,1,172999.ts ,
15:21:27,45.062758083,7.655936846,8,10,22.56,,1,,
15:21:28,45.062667333,7.655954833,8,10,22.78,,,,
15:21:29,45.062561833,7.655893,8,10,23.04,,,173000.ts ,
15:21:30,45.062476167,7.655844333,8,10,22.71,,1,,
15:21:31,45.062421333,7.655814333,8,10,22.92,,1,,
15:21:32,45.062381833,7.655794167,8,10,23.18,,1,173001.ts ,
15:21:33,45.062351667,7.655779833,8,10,22.89,,1,,
15:21:34,45.062328667,7.655769667,8,10,23.21,,1,,
15:21:35,45.062308833,7.655762167,8,10,22.87,,1,173002.ts ,
15:21:36,45.062292333,7.655755667,8,10,22.74,,1,,
15:21:37,45.062279333,7.6557505,8,10,22.29,,1,,
15:21:38,45.062272833,7.655750333,8,10,22.42,,1,173003.ts ,
15:21:39,45.062271333,7.655753,8,10,22.75,,1,,
15:21:40,45.062266333,7.655752,8,10,23.34,,1,,
15:21:41,45.062258667,7.655748667,8,10,22.72,,1,173004.ts ,
15:21:42,45.0622575,7.6557495,8,10,22.86,,1,,
15:21:43,45.062251333,7.655746833,8,10,22.94,,1,,
15:21:44,45.062245333,7.655744333,8,10,22.81,,1,173005.ts ,
15:21:45,45.0622425,7.655744167,8,10,22.86,,1,,
15:21:46,45.062233833,7.655739667,8,10,23.11,,1,,
15:21:47,45.062226333,7.655736,8,10,23.50,,1,173006.ts ,
15:21:48,45.0622395,7.655745667,8,10,23.66,,1,,
15:21:49,45.062236167,7.655745,8,10,23.23,,1,,
15:21:50,45.062238167,7.655748333,8,10,22.87,,1,173007.ts ,
15:21:51,45.062238667,7.655749333,8,10,23.59,,1,,
15:21:52,45.062245333,7.655754167,8,10,22.94,,,,
15:21:53,45.062255667,7.6557625,8,10,23.27,,1,173008.ts ,
15:21:54,45.0622485,7.655759833,8,10,23.18,,1,,
15:21:55,45.0622505,7.655762667,8,10,23.56,,1,,
15:21:56,45.062264833,7.655773167,8,10,23.53,,1,,
15:21:57,45.062272833,7.655779,8,0,,,1,173009.ts ,
15:21:58,45.062276667,7.6557815,8,10,24.24,,,,
15:21:59,45.0622765,7.6557815,8,10,23.35,,1,,
15:22:00,45.0622775,7.655782,8,10,23.60,,,173010.ts ,
15:22:01,45.062279333,7.6557835,8,10,23.37,,,,
15:22:02,45.062280667,7.6557845,8,10,23.90,,1,173011.ts ,
15:22:03,45.062279333,7.6557835,8,10,24.62,,1,,
15:22:04,45.062278167,7.655784333,8,10,24.71,,1,,
15:22:05,45.062277167,7.655785667,8,10,24.58,,1,173012.ts ,
15:22:06,45.062274333,7.6557855,8,10,25.49,,1,,
15:22:07,45.062277667,7.655788333,8,10,24.67,,1,,
15:22:08,45.062277,7.655790167,8,10,24.87,,1,173013.ts ,
15:22:09,45.062269667,7.655794333,8,10,25.51,,,,
15:22:10,45.0622535,7.655803833,8,10,24.02,,1,,
15:22:11,45.062215667,7.655809167,8,10,24.40,,1,173014.ts ,
15:22:12,45.062176333,7.655819,8,10,23.37,,1,,
15:22:13,45.062131333,7.655831833,8,10,23.90,,1,,
15:22:14,45.062079667,7.655848667,8,10,21.03,,1,173015.ts ,
15:22:15,45.0620235,7.655870833,8,10,23.77,,,,
15:22:16,45.0619565,7.655889833,8,10,23.08,,,,
15:22:17,45.061882,7.6559075,8,10,16.29,,1,173016.ts ,
15:22:18,45.061803833,7.6559255,8,10,18.91,,1,,
15:22:19,45.0617245,7.655945333,8,10,20.12,,1,,
15:22:20,45.0616455,7.655963333,8,10,19.84,,1,173017.ts ,
15:22:21,45.0615735,7.655988333,8,10,17.81,,,,
15:22:22,45.061497,7.6560115,8,10,20.55,,1,,
15:22:23,45.061410833,7.656029833,8,10,13.30,,1,173018.ts ,
15:22:24,45.0613325,7.656059333,8,10,17.86,,,,
15:22:25,45.061250333,7.656077,8,10,29.18,,1,,
15:22:26,45.061171,7.656097167,8,10,28.48,,1,173019.ts ,
15:22:27,45.061081167,7.65612,8,10,23.26,,1,,
15:22:28,45.06098,7.65615,8,10,17.14,,1,,
15:22:29,45.060883333,7.656174,8,10,16.55,,,173020.ts ,
15:22:30,45.060785667,7.6561945,8,10,18.61,,1,,
15:22:31,45.060690167,7.6562175,8,10,12.74,,1,,
15:22:32,45.060582167,7.656239167,8,10,11.45,,1,173021.ts ,
15:22:33,45.060476833,7.656262333,8,10,12.09,,1,,
15:22:34,45.060368833,7.6562905,8,10,15.68,,1,,
15:22:35,45.0602655,7.656313167,8,10,11.43,,1,173022.ts ,
15:22:36,45.060170167,7.656339333,8,10,14.71,,1,,
15:22:37,45.060081167,7.656356667,8,10,13.61,,1,,
15:22:38,45.060001333,7.656353,8,10,16.60,,1,,
15:22:39,45.059941333,7.656356,8,10,23.95,,1,173023.ts ,
15:22:40,45.059943,7.6563905,8,10,24.65,,,,
15:22:41,45.059968167,7.6564305,8,10,28.82,,1,173024.ts ,
15:22:42,45.0599665,7.656440333,8,10,28.75,,,,
15:22:43,45.059963,7.656448,8,10,28.70,,1,,
15:22:44,45.059967,7.656438333,8,10,28.18,,1,,
15:22:45,45.059963833,7.656433667,8,10,28.20,,1,173025.ts ,
15:22:46,45.059962167,7.656429333,8,10,27.80,,,,
15:22:47,45.059957667,7.656429667,8,10,29.24,,1,,
15:22:48,45.0599545,7.656431667,8,10,28.07,,1,173026.ts ,
15:22:49,45.059951167,7.656434333,8,10,28.70,,1,,
15:22:50,45.059950167,7.656434,8,10,28.60,,1,173027.ts ,
15:22:51,45.059948833,7.6564355,8,10,28.06,,1,,
15:22:52,45.059949833,7.656430333,8,10,28.82,,1,,
15:22:53,45.059949667,7.656430333,8,10,27.81,,1,173028.ts ,
15:22:54,45.059949167,7.656429667,8,10,29.11,,,,
15:22:55,45.059947667,7.656431667,8,10,29.24,,,,
15:22:56,45.059950333,7.656428833,8,10,28.33,,1,173029.ts ,
15:22:57,45.0599495,7.6564345,8,10,28.89,,1,,
15:22:58,45.059949333,7.656436333,8,10,29.06,,,,
15:22:59,45.059949833,7.6564345,8,10,28.80,,1,173030.ts ,
15:23:00,45.059951333,7.656434667,8,10,29.23,,1,,
15:23:01,45.05995,7.656438167,8,10,28.64,,,,
15:23:02,45.059951667,7.656439,8,10,28.77,,1,173031.ts ,
15:23:03,45.059953,7.656442,8,10,27.34,,1,,
15:23:04,45.059951167,7.656446333,8,10,28.93,,,,
15:23:05,45.05995,7.656448333,8,10,28.28,,1,173032.ts ,
15:23:06,45.0599505,7.65645,8,10,29.48,,1,,
15:23:07,45.059952333,7.656451167,8,10,29.90,,,,
15:23:08,45.059954667,7.656454167,8,10,29.90,,1,173033.ts ,
15:23:09,45.0599545,7.6564595,8,10,28.52,,1,,
15:23:10,45.059953833,7.656464167,8,10,29.48,,,,
15:23:11,45.059956,7.6564675,8,10,29.40,,1,173034.ts ,
15:23:12,45.059954667,7.656474667,8,10,29.22,,1,,
15:23:13,45.059955,7.656478167,8,10,29.02,,,,
15:23:14,45.059953833,7.656483167,8,10,29.28,,1,,
15:23:15,45.059950833,7.656490167,8,10,29.33,,1,173035.ts ,
15:23:16,45.059950667,7.656494167,8,10,28.83,,1,,
15:23:17,45.059950333,7.656500167,8,10,30.17,,,,
15:23:18,45.059949167,7.656506,8,10,29.17,,1,173036.ts ,
15:23:19,45.059950333,7.6565105,8,10,29.02,,,,
15:23:20,45.059950833,7.656513333,8,10,30.04,,1,173037.ts ,
15:23:21,45.059950833,7.656517667,8,10,29.87,,1,,
15:23:22,45.0599515,7.656520167,8,10,29.84,,,,
15:23:23,45.0599525,7.6565195,8,10,30.23,,1,,
15:23:24,45.059954167,7.656521,8,10,29.84,,1,173038.ts ,
15:23:25,45.059954833,7.656524667,8,10,29.45,,1,,
15:23:26,45.059955333,7.656528167,8,10,29.91,,1,173039.ts ,
15:23:27,45.059954833,7.656533667,8,10,30.40,,1,,
15:23:28,45.059955333,7.656537667,8,10,29.22,,,,
15:23:29,45.059955167,7.656539167,8,10,30.73,,1,173040.ts ,
15:23:31,45.059954167,7.656542333,8,10,30.82,,,,
15:23:32,45.059952833,7.6565405,8,10,30.63,,1,173041.ts ,
15:23:33,45.059953333,7.656541667,8,10,30.35,,1,,
15:23:34,45.059955,7.656546667,8,10,30.65,,,,
15:23:35,45.059954833,7.656547333,8,10,30.48,,1,,
15:23:36,45.059953167,7.656545667,8,10,29.73,,1,173042.ts ,
15:23:37,45.059952333,7.6565445,8,10,30.55,,1,,
15:23:38,45.059951167,7.656542667,8,10,30.28,,1,,
15:23:39,45.059952167,7.656546167,8,10,30.76,,1,173043.ts ,
15:23:40,45.059953,7.656549,8,10,31.17,,1,,
15:23:41,45.059954333,7.656551,8,10,30.84,,1,173044.ts ,
15:23:42,45.0599545,7.656549333,8,10,31.33,,1,,
15:23:43,45.059953167,7.6565465,8,10,30.04,,,,
15:23:44,45.059951333,7.656545667,8,10,30.27,,1,173045.ts ,
15:23:45,45.059940333,7.656545833,8,10,30.30,,,,
15:23:46,45.059921,7.656546333,8,10,30.31,,,,
15:23:47,45.0598855,7.656560833,8,10,32.76,,1,173046.ts ,
15:23:48,45.059845167,7.656574,8,10,31.83,,,,
15:23:49,45.059797,7.656582667,8,10,30.10,,,,
15:23:50,45.059743833,7.656586333,8,10,30.35,,1,173047.ts ,
15:23:51,45.059686833,7.656579833,8,10,27.71,,1,,
15:23:52,45.059630833,7.656554667,8,10,27.83,,,,
15:23:53,45.0595685,7.6565105,8,10,26.76,,1,173048.ts ,
15:23:54,45.059501833,7.656463333,8,10,29.95,,1,,
15:23:55,45.0594305,7.656412333,8,10,32.03,,,,
15:23:56,45.059356333,7.656358,8,10,36.25,,1,173049.ts ,
15:23:57,45.059279667,7.656300667,8,10,33.64,,1,,
15:23:58,45.059204167,7.6562465,8,10,29.62,,,,
15:23:59,45.059121333,7.656189667,8,10,29.27,,1,173050.ts ,
15:24:00,45.059035,7.656129833,8,10,32.28,,1,,
15:24:01,45.058947,7.656065333,8,10,28.50,,,,
15:24:02,45.058855167,7.6559975,8,10,26.02,,1,173051.ts ,
15:24:03,45.058762667,7.655931167,8,10,25.38,,,,
15:24:04,45.0586675,7.655863,8,10,32.67,,1,,
15:24:05,45.058573,7.655791833,8,10,29.92,,1,173052.ts ,
15:24:06,45.058474,7.655717167,8,10,30.16,,,,
15:24:07,45.058381,7.6556455,8,10,29.45,,1,,
15:24:08,45.058286333,7.655575,8,10,28.59,,1,173053.ts ,
15:24:09,45.058197333,7.6555125,8,10,35.05,,,,
15:24:10,45.058127833,7.655458,8,10,32.36,,,,
15:24:11,45.058085167,7.655417833,8,10,32.20,,1,173054.ts ,
15:24:12,45.058061167,7.655388833,8,10,33.71,,,,
15:24:13,45.058045833,7.6553695,8,10,32.13,,1,,
15:24:14,45.058043833,7.65536,8,10,32.97,,1,173055.ts ,
15:24:15,45.058041333,7.655357167,8,10,34.13,,,,
15:24:16,45.058040167,7.655351167,8,10,33.20,,1,,
15:24:17,45.0580375,7.655345333,8,10,34.48,,1,173056.ts ,
15:24:18,45.058034,7.655341,8,10,33.96,,1,,
15:24:19,45.058036833,7.655338833,8,10,32.67,,,,
15:24:20,45.058036667,7.655337667,8,10,32.49,,1,173057.ts ,
15:24:21,45.0580335,7.655334,8,10,33.18,,,,
15:24:22,45.058028,7.6553305,8,10,32.88,,1,,
15:24:23,45.058021,7.655328167,8,10,33.36,,1,173058.ts ,
15:24:24,45.058019667,7.655327333,8,10,33.01,,1,,
15:24:25,45.058015833,7.6553255,8,10,33.82,,,,
15:24:26,45.058012833,7.6553235,8,10,34.02,,1,173059.ts ,
15:24:27,45.058011667,7.655322,8,10,33.07,,1,,
15:24:28,45.058008333,7.655322,8,10,31.60,,,,
15:24:29,45.0580045,7.655321833,8,10,33.59,,1,173060.ts ,
15:24:30,45.058000167,7.6553195,8,10,32.11,,1,,
15:24:31,45.057998333,7.6553185,8,10,33.15,,,,
15:24:32,45.0579965,7.655319,8,10,32.78,,1,173061.ts ,
15:24:33,45.057998833,7.655317667,8,10,33.11,,,,
15:24:34,45.057997167,7.655317,8,10,33.12,,1,,
15:24:35,45.057995833,7.655316333,8,10,32.62,,1,173062.ts ,
15:24:36,45.057993833,7.655315,8,10,33.60,,,,
15:24:37,45.057989667,7.655313667,8,10,32.75,,1,,
15:24:38,45.057986667,7.6553115,8,10,34.14,,1,173063.ts ,
15:24:39,45.057986667,7.655309333,8,10,34.26,,,,
15:24:40,45.0579845,7.655309333,8,10,33.26,,1,,
15:24:41,45.0579815,7.655309833,8,10,33.14,,1,173064.ts ,
15:24:42,45.057983667,7.655309667,8,10,33.74,,,,
15:24:43,45.057985667,7.655309,8,10,32.86,,1,,
15:24:44,45.0579855,7.655310333,8,10,34.38,,1,173065.ts ,
15:24:45,45.057977667,7.655304167,8,10,33.46,,,,
15:24:46,45.057955667,7.655291333,8,10,33.39,,1,,
15:24:47,45.057925833,7.6552675,8,10,33.61,,1,173066.ts ,
15:24:48,45.0578885,7.6552385,8,10,33.35,,,,
15:24:49,45.0578525,7.655195667,8,10,32.12,,1,,
15:24:50,45.057811833,7.655141167,8,10,29.33,,1,173067.ts ,
15:24:51,45.057761,7.655084333,8,10,29.44,,,,
15:24:52,45.057700833,7.655029167,8,10,30.64,,1,,
15:24:53,45.057631833,7.654976333,8,10,38.77,,1,173068.ts ,
15:24:54,45.057558833,7.654922333,8,10,33.41,,,,
15:24:55,45.057482167,7.654868167,8,10,36.38,,,,
15:24:56,45.057401833,7.654814167,8,10,34.41,,1,173069.ts ,
15:24:57,45.057318667,7.654759333,8,10,35.98,,,,
15:24:58,45.057237333,7.654702667,8,10,34.46,,1,,
15:24:59,45.057157833,7.654647333,8,10,31.20,,1,173070.ts ,
15:25:00,45.057077667,7.654599333,8,10,28.92,,,,
15:25:01,45.057000833,7.654557,8,10,29.03,,1,,
15:25:02,45.0569245,7.654540833,8,10,26.68,,1,173071.ts ,
15:25:03,45.056851667,7.654564167,8,10,22.64,,,,
15:25:04,45.056790167,7.654615,8,10,20.31,,1,,
15:25:05,45.056728667,7.654677667,8,0,,,1,173072.ts ,
15:25:06,45.0566635,7.654728833,8,10,22.88,,,,
15:25:07,45.056588,7.654753667,8,10,29.15,,1,,
15:25:08,45.056513833,7.654767167,8,10,35.06,,1,173073.ts ,
15:25:09,45.056423833,7.654761167,8,10,32.55,,,,
15:25:10,45.056328833,7.654745833,8,10,32.74,,1,,
15:25:11,45.056229667,7.654723667,8,10,37.92,,1,,
15:25:12,45.056129667,7.6547,8,10,37.23,,1,173074.ts ,
15:25:13,45.056028,7.654676833,8,10,26.04,,,,
15:25:14,45.055923167,7.6546535,8,10,28.08,,1,,
15:25:15,45.055817,7.654628667,8,10,43.38,,1,173075.ts ,
15:25:16,45.0557095,7.654604,8,10,37.28,,,,
15:25:17,45.055601,7.654579667,8,10,34.11,,,,
15:25:18,45.0554895,7.654554667,8,10,38.68,,1,173076.ts ,
15:25:19,45.055377,7.6545345,8,10,30.16,,,,
15:25:20,45.055264167,7.6545185,8,10,50.03,,1,173077.ts ,
15:25:21,45.055147,7.654508333,8,10,58.16,,1,,
15:25:22,45.055031833,7.654508,8,10,46.34,,1,,
15:25:23,45.054916667,7.6545135,8,10,50.60,,1,173078.ts ,
15:25:24,45.0548025,7.654522167,8,10,36.84,,1,,
15:25:25,45.054693167,7.654533667,8,10,40.22,,1,,
15:25:26,45.054587167,7.654547167,8,10,26.75,,1,173079.ts ,
15:25:27,45.054486333,7.654561,8,10,44.13,,1,,
15:25:28,45.054393,7.654576,8,10,34.19,,1,,
15:25:29,45.054305667,7.654591167,8,10,45.27,,1,173080.ts ,
15:25:30,45.054233333,7.654608833,8,10,42.19,,,,
15:25:31,45.054165833,7.654625667,8,10,39.37,,1,,
15:25:32,45.054109333,7.6546415,8,10,37.92,,1,173081.ts ,
15:25:33,45.054065,7.654658667,8,10,36.58,,1,,
15:25:34,45.054022167,7.6546705,8,10,39.09,,1,,
15:25:35,45.053981,7.6546795,8,10,39.05,,1,173082.ts ,
15:25:36,45.0539535,7.654692,8,10,41.48,,1,,
15:25:37,45.053927,7.654700333,8,10,38.23,,,,
15:25:38,45.053904,7.654707167,8,10,40.93,,1,173083.ts ,
15:25:39,45.053887833,7.654711167,8,10,38.62,,1,,
15:25:40,45.053874167,7.6547115,8,10,38.02,,1,,
15:25:41,45.053862667,7.654709833,8,10,39.83,,1,173084.ts ,
15:25:42,45.053854333,7.654708,8,10,38.80,,1,,
15:25:43,45.0538495,7.654706833,8,10,38.45,,1,,
15:25:44,45.053844333,7.654705167,8,10,39.10,,1,,
15:25:45,45.053840833,7.6547035,8,0,None,,1,,10
15:25:46,45.053834833,7.654701333,8,0,None,,1,,10
15:25:47,45.053829333,7.654699167,8,0,None,,1,,10
15:25:48,45.0538205,7.654696,8,0,None,,1,,10
15:25:49,45.053813,7.6546935,8,0,None,,1,,10
15:25:50,45.053803833,7.6546905,8,0,None,,1,,10
15:25:51,45.053796833,7.654687833,8,0,None,,1,,10
15:25:52,45.053789167,7.6546845,8,0,None,,1,,10
15:25:53,45.0537785,7.654681,8,0,None,,,,10
15:25:54,45.053773667,7.654679167,8,0,None,,1,,10
15:25:55,45.0537685,7.654677833,4,0,None,,,173087.ts ,10
15:25:56,45.053762,7.654676167,4,10,49.96,,,173086.ts ,10
15:25:57,45.053759,7.654675333,4,0,None,,1,,
15:25:58,45.053752833,7.654674167,4,0,None,,,173088.ts ,10
15:25:59,45.053747833,7.654673,4,0,None,,,,
15:26:00,45.053744,7.654672333,4,0,None,,,173089.ts ,
15:26:01,45.053740833,7.654671667,4,0,None,,1,,
15:26:02,45.0537385,7.654671667,4,0,None,,,173090.ts ,
15:26:03,45.053735667,7.654671167,4,0,None,,1,,
15:26:04,45.053733333,7.654671333,4,0,None,,,,
15:26:05,45.053732833,7.654671333,4,0,None,,,173091.ts ,
15:26:06,45.053733833,7.654671833,4,0,None,,1,,
15:26:07,45.053736167,7.654673,4,0,None,,,,
15:26:08,45.053739833,7.654674167,4,0,None,,,173092.ts ,
15:26:09,45.053741167,7.654675,4,0,None,,1,,
15:26:10,45.053741833,7.654675667,4,0,None,,,,
15:26:11,45.053741167,7.654675833,4,0,None,,,,
15:26:12,45.053742667,7.654676833,8,0,None,,1,,10
15:26:13,45.053743833,7.654677833,8,0,None,,1,,10
15:26:14,45.053746333,7.654679,8,0,None,,,,10
15:26:15,45.053746833,7.654680167,8,0,None,,,,10
15:26:16,45.0537525,7.654682667,8,0,None,,,,10
15:26:17,45.053757833,7.654684333,8,0,None,,1,,10
15:26:18,45.053760667,7.6546855,4,0,None,,,173095.ts ,10
15:26:19,45.053761167,7.6546865,4,0,None,,,173094.ts ,10
15:26:20,45.0537635,7.654687833,4,0,None,,1,,
15:26:21,45.053762333,7.654688333,4,0,None,,,173096.ts ,10
15:26:22,45.0537665,7.65469,4,0,None,,,173097.ts ,
15:26:23,45.053769333,7.654691167,4,0,None,,1,,
15:26:24,45.053772,7.6546925,4,0,None,,,173098.ts ,
15:26:25,45.053773167,7.654693333,4,0,None,,,,
15:26:26,45.053776,7.654693833,4,0,None,,1,,
15:26:27,45.053771,7.6546925,4,0,None,,,173099.ts ,
15:26:28,45.05377,7.654691667,4,0,None,,,,
15:26:29,45.053771,7.6546915,4,0,None,,1,,
15:26:30,45.053766833,7.654692333,4,0,None,,,173100.ts ,
15:26:31,45.053759,7.654696333,4,0,None,,1,,
15:26:32,45.053749333,7.654705833,4,0,None,,,,
15:26:33,45.053726,7.654720333,4,0,None,,,,
15:26:34,45.053704,7.654741667,8,0,None,,1,,10
15:26:35,45.053681,7.654770167,8,0,None,,,,10
15:26:36,45.053649167,7.654798667,8,0,None,,1,,10
15:26:37,45.053607715,7.654805881,8,0,None,,,,10
15:26:38,45.053566262,7.654813096,8,0,None,,,,10
15:26:39,45.053524810,7.654820310,8,0,None,,1,,10
15:26:40,45.053483357,7.654827524,8,0,None,,,,10
15:26:41,45.053441905,7.654834738,4,0,None,,,173101.ts ,
15:26:42,45.053400452,7.654841953,4,0,None,,,173102.ts ,
15:26:43,45.053359,7.654849167,4,0,None,,1,,
15:26:44,45.0533005,7.654885,4,0,None,,,173103.ts ,
15:26:45,45.053245667,7.654918833,4,0,None,,,,
15:26:46,45.053197167,7.654957167,4,0,None,,,173104.ts ,
15:26:47,45.0531695,7.6549885,4,0,None,,1,,
15:26:48,45.0531585,7.655011833,4,0,None,,,173105.ts ,
15:26:49,45.0531525,7.655028833,4,0,None,,,173106.ts ,
15:26:50,45.053150333,7.655041333,4,0,None,,1,,
15:26:51,45.053146167,7.655050667,4,0,None,,1,173107.ts ,
15:26:52,45.053133333,7.655066833,4,0,None,,,,
15:26:53,45.053114167,7.655092667,4,0,None,,1,,
15:26:54,45.053084667,7.655129667,4,0,None,,,,
15:26:55,45.053049167,7.655172167,4,0,None,,,173108.ts ,
15:26:56,45.053011,7.655217,4,0,None,,,,
15:26:57,45.0529735,7.655263,4,0,None,,1,,
15:26:58,45.052936667,7.655309167,4,0,None,,,,
15:26:59,45.052899,7.655351833,4,0,None,,,173109.ts ,
15:27:00,45.052879166,7.655373667,4,0,None,,1,,
15:27:01,45.052859333,7.6553955,4,0,None,,,,
15:27:02,45.052822333,7.655437167,4,0,None,,,173110.ts ,
15:27:03,45.0527865,7.655471333,4,0,None,,1,,
15:27:04,45.052745,7.655504,4,0,None,,,173111.ts ,
15:27:05,45.0526975,7.655535,4,0,None,,1,,
15:27:06,45.052641,7.6555625,4,0,None,,,173112.ts ,
15:27:07,45.052576,7.655584167,4,0,None,,,,
15:27:08,45.052501,7.655598,4,0,None,,1,,
15:27:09,45.052420833,7.655592333,4,0,None,,,,
15:27:10,45.052343667,7.655580833,4,0,None,,1,,10
15:27:11,45.052270333,7.655554833,4,0,None,,,,10
15:27:12,45.0521995,7.655518667,4,0,None,,,,10
15:27:13,45.052132,7.655477167,4,0,None,,,,10
15:27:14,45.052073333,7.655439333,4,0,None,,,173113.ts ,
15:27:15,45.052030833,7.655415,4,0,None,,1,,
15:27:16,45.051997833,7.655395667,4,0,None,,,173114.ts ,
15:27:17,45.0519795,7.655380667,4,0,,,,173115.ts ,
15:27:18,45.051965667,7.655369,4,0,None,,1,,
15:27:19,45.0519535,7.655363333,4,0,None,,,173116.ts ,
15:27:20,45.051950667,7.655363167,4,0,None,,1,,
15:27:21,45.0519495,7.655362333,4,0,None,,,173117.ts ,
15:27:22,45.051949667,7.655363333,4,0,None,,,,
15:27:23,45.051950833,7.655363333,4,0,None,,1,,
15:27:24,45.051952167,7.655362667,4,0,None,,,173118.ts ,
15:27:25,45.051953333,7.655362,4,0,None,,,,
15:27:26,45.051954167,7.655362333,4,0,None,,1,,
15:27:27,45.051954333,7.655362,4,0,None,,,173119.ts ,
15:27:28,45.0519545,7.655361667,4,0,None,,,,
15:27:29,45.051955667,7.655361833,4,0,None,,1,,
15:27:30,45.0519565,7.655362333,4,0,None,,,173120.ts ,
15:27:31,45.051956667,7.655361833,4,0,None,,,,
15:27:32,45.0519575,7.6553625,4,0,None,,1,,
15:27:33,45.0519585,7.655363167,4,0,None,,,173121.ts ,
15:27:34,45.05196,7.6553645,4,0,None,,,,
15:27:35,45.051960833,7.655365,4,0,None,,1,,
15:27:36,45.051962,7.6553655,4,0,None,,,173122.ts ,
15:27:37,45.051963667,7.655366167,4,0,None,,,,
15:27:38,45.051964833,7.655366,4,0,None,,1,,
15:27:39,45.051965667,7.655366833,4,0,None,,,173123.ts ,
15:27:40,45.051966167,7.655367333,4,0,None,,,,
15:27:41,45.051967,7.655368167,4,0,None,,1,,
15:27:42,45.0519675,7.6553695,4,0,None,,,173124.ts ,
15:27:43,45.051968,7.655370667,4,0,None,,,,
15:27:44,45.051969,7.6553715,4,0,None,,1,,
15:27:45,45.051970167,7.655372333,4,0,None,,,173125.ts ,
15:27:46,45.0519715,7.6553735,4,0,None,,,,
15:27:47,45.051972167,7.6553735,4,0,None,,,,
15:27:48,45.051972833,7.655373,4,0,None,,,173126.ts ,
15:27:49,45.051974,7.655373167,4,0,None,,,,
15:27:50,45.051975,7.655373333,4,0,None,,1,,
15:27:51,45.051976,7.655373333,4,0,None,,,173127.ts ,
15:27:52,45.051976667,7.655373167,4,0,None,,,,
15:27:53,45.051978167,7.655373,4,0,None,,1,,
15:27:54,45.051978833,7.655373167,4,0,None,,,173128.ts ,
15:27:55,45.051981,7.655374167,4,0,None,,,,
15:27:56,45.051982667,7.655375,4,0,None,,1,,
15:27:57,45.051984833,7.655377167,4,0,None,,,173129.ts ,
15:27:58,45.051986,7.655378333,4,0,None,,,,
15:27:59,45.051987833,7.655381333,4,0,None,,1,,
15:28:00,45.0519895,7.655383,4,0,None,,,173130.ts ,
15:28:01,45.0519905,7.655383333,4,0,None,,,,
15:28:02,45.051991167,7.655382,4,0,None,,1,,
15:28:03,45.0519925,7.6553815,4,0,None,,,173131.ts ,
15:28:04,45.051993667,7.655380833,4,0,None,,,,
15:28:05,45.051994667,7.655380167,4,0,None,,1,,
15:28:06,45.051996667,7.6553795,4,0,None,,,173132.ts ,
15:28:07,45.051998167,7.655378833,4,0,None,,,,
15:28:08,45.051998333,7.6553775,4,0,None,,1,,
15:28:09,45.051998167,7.655373833,4,0,None,,,173133.ts ,
15:28:10,45.051998333,7.655372,4,0,None,,,,
15:28:11,45.051999333,7.655371667,4,0,None,,1,,
15:28:12,45.052000167,7.655371333,4,0,None,,,173134.ts ,
15:28:13,45.052000833,7.655370833,4,0,None,,,,
15:28:14,45.052000333,7.655369167,4,0,None,,1,,
15:28:15,45.051999833,7.655367333,4,0,None,,,173135.ts ,
15:28:16,45.0520005,7.655365833,4,0,None,,,,
15:28:17,45.052002167,7.655363833,4,0,None,,1,,
15:28:18,45.052001833,7.655361333,4,0,None,,,173136.ts ,
15:28:19,45.051999833,7.655358167,4,0,None,,,,
15:28:20,45.051990167,7.655346167,4,0,None,,1,,
15:28:21,45.051976,7.655327333,4,0,None,,,173137.ts ,
15:28:22,45.051948167,7.6552945,4,0,None,,,,
15:28:23,45.051907667,7.655258667,4,0,None,,1,,
15:28:24,45.051865167,7.655216,4,0,None,,,173138.ts ,
15:28:25,45.051817833,7.655165167,4,0,None,,,,
15:28:26,45.051777833,7.655117,4,0,None,,1,,
15:28:27,45.0517495,7.655079667,4,0,None,,,173139.ts ,
15:28:28,45.051735667,7.655062333,4,0,None,,,,
15:28:29,45.051731333,7.655056333,4,0,None,,1,,
15:28:30,45.051727667,7.6550535,4,0,None,,,173140.ts ,
15:28:31,45.0517255,7.655052833,4,0,None,,,,
15:28:32,45.051722833,7.655051,4,0,None,,1,,
15:28:33,45.051722,7.655049667,4,0,None,,,173141.ts ,
15:28:34,45.0517215,7.6550485,4,0,None,,,,
15:28:35,45.051721167,7.655048,4,0,None,,1,,
15:28:36,45.0517205,7.655048,4,0,None,,,173142.ts ,
15:28:37,45.051719333,7.655048667,4,0,None,,,,
15:28:38,45.051718333,7.655048833,4,0,None,,1,,
15:28:39,45.051718167,7.655048833,4,0,None,,,173143.ts ,
15:28:40,45.051717,7.655048333,4,0,None,,,,
15:28:41,45.051716667,7.655049667,4,0,None,,1,,
15:28:42,45.0517165,7.655050333,4,0,None,,,173144.ts ,
15:28:43,45.051716333,7.655050667,4,0,None,,,,
15:28:44,45.051716,7.655051167,4,0,None,,1,,
15:28:45,45.051715667,7.655051833,4,0,None,,,173145.ts ,
15:28:46,45.051715667,7.655052,4,0,None,,,,
15:28:47,45.051716,7.655052167,4,0,None,,1,,
15:28:49,45.051716167,7.655053,4,0,None,,,173146.ts ,
15:28:50,45.0517165,7.655053,4,0,,,1,,
15:28:52,45.0517155,7.655053667,4,0,,,,173147.ts ,
15:28:54,45.051714667,7.655053833,4,0,,,1,,
15:28:55,45.0517135,7.655053333,4,0,,,,173148.ts ,
15:28:57,45.05171,7.655051,4,0,,,1,,
15:28:58,45.051709,7.655050167,4,0,,,,173149.ts ,
15:29:00,45.051708667,7.655049167,4,0,,,1,,
15:29:01,45.051708667,7.6550485,4,0,,,,173150.ts ,
15:29:03,45.051707,7.655046667,4,0,,,,,
15:29:04,45.0517035,7.655042833,4,0,,,,173151.ts ,
15:29:06,45.0516875,7.655020333,4,0,,,1,,
15:29:07,45.0516795,7.655007167,4,0,,,,173152.ts ,
15:29:09,45.051664333,7.654983833,4,0,,,1,,
15:29:10,45.0516575,7.654974,4,0,,,,173153.ts ,
15:29:11,45.051653,7.6549675,4,0,,,1,,
15:29:12,45.0516515,7.654965333,4,0,,,,,
15:29:15,45.051652167,7.654966833,8,0,,,,173154.ts ,
15:29:18,45.051648,7.654962167,8,0,,,1,173155.ts ,
15:29:21,45.051598,7.654912833,8,0,,,1,173156.ts ,
15:29:24,45.051476667,7.654933833,8,0,,,1,173157.ts ,
15:29:27,45.051372833,7.655118,8,0,,,1,173158.ts ,
15:29:30,45.051269667,7.655384333,8,0,,,,173159.ts ,
15:29:33,45.051201214,7.655713806,8,0,,,1,173160.ts ,
15:29:36,45.051132760,7.656043280,8,0,,,,173161.ts ,
15:29:39,45.051064307,7.656372753,8,0,,,1,173162.ts ,
15:29:42,45.050995853,7.656702227,8,0,,,,173163.ts ,
15:29:45,45.0509274,7.6570317,8,0,,,1,173164.ts ,
15:29:48,45.050875241,7.657283632,8,0,,,1,173165.ts ,
15:29:51,45.050823082,7.657535564,8,0,,,1,173166.ts ,
15:29:54,45.050770923,7.657787495,8,0,,,1,173167.ts ,
15:29:57,45.050718764,7.658039427,8,0,,,1,173168.ts ,
15:30:00,45.050666605,7.658291359,8,0,,,1,173169.ts ,
15:30:03,45.050614445,7.658543291,8,0,,,1,173170.ts ,
15:30:06,45.050562286,7.658795223,8,0,,,1,173171.ts ,
15:30:09,45.050519087,7.658993107,8,0,,,1,173172.ts ,
15:30:12,45.050480367,7.659163967,8,0,,,1,173173.ts ,
15:30:15,45.050441647,7.659334827,8,0,,,1,173174.ts ,
15:30:18,45.050402927,7.659505687,8,0,,,1,173175.ts ,
15:30:21,45.050364207,7.659676547,8,0,,,1,173176.ts ,
15:30:24,45.050338285,7.659736546,8,0,,,1,173177.ts ,
15:30:27,45.050318762,7.659741115,8,0,,,1,173178.ts ,
15:30:30,45.050299238,7.659745685,8,0,,,1,173179.ts ,
15:30:33,45.050279715,7.659750254,8,0,,,1,173180.ts ,
15:30:36,45.050315600,7.659687900,8,0,,,1,173181.ts ,
15:30:39,45.050345690,7.659656590,8,0,,,1,173182.ts ,
15:30:42,45.050317475,7.659707725,8,0,,,1,173183.ts ,
15:30:45,45.050289260,7.659758860,8,0,,,1,173184.ts ,
15:30:48,45.050261045,7.659809995,8,0,,,1,173185.ts ,
15:30:49,45.050251640,7.659827040,8,0,,,1,,
15:30:52,45.050223425,7.659878175,8,0,,,1,173186.ts 173187.ts ,10
15:30:55,45.050195210,7.659929310,8,0,,,1,173188.ts ,
15:30:58,45.050173340,7.660055970,8,0,,,1,173189.ts ,
15:31:01,45.050164160,7.660333680,8,0,,,1,173190.ts ,
15:31:04,45.050154980,7.660611390,8,0,,,1,173191.ts ,
15:31:07,45.0501458,7.6608891,8,0,,,1,173192.ts ,
15:31:10,45.050038175,7.660935825,8,0,,,1,173193.ts ,
15:31:13,45.050002300,7.660951400,8,0,,,1,173194.ts ,
15:31:16,45.050002300,7.660951400,8,0,,,1,173195.ts ,
15:31:19,45.050002300,7.660951400,8,0,,,1,173196.ts ,
15:31:22,45.050002300,7.660951400,8,0,,,1,173197.ts ,
15:31:25,45.050002300,7.660951400,8,0,,,1,173198.ts ,
15:31:28,45.050002300,7.660951400,8,0,,,1,173199.ts ,
15:31:30,45.050002300,7.660951400,8,0,,,1,,
15:31:33,45.050002300,7.660951400,8,0,,,1,173200.ts ,
15:31:36,45.050002300,7.660951400,8,0,,,1,173201.ts ,
15:31:39,45.0499235,7.6612217,8,0,,,1,173202.ts ,
15:31:42,45.049852260,7.661401400,8,0,,,1,173203.ts ,
15:31:45,45.049781020,7.661581100,8,0,,,1,173204.ts ,
15:31:48,45.049709780,7.661760800,8,0,,,1,173205.ts ,
15:31:51,45.049638540,7.661940500,8,0,,,1,173206.ts ,
15:31:54,45.0495673,7.6621202,8,0,,,1,173207.ts ,
15:31:57,45.049483000,7.662362043,8,0,,,1,173208.ts ,
15:32:00,45.049398700,7.662603886,8,0,,,1,173209.ts ,
15:32:03,45.049357450,7.662710625,8,0,,,1,173210.ts ,
15:32:06,45.049337725,7.662749813,8,0,,,1,173211.ts ,
15:32:09,45.0493180,7.6627890,8,0,,,1,173212.ts ,
15:32:12,45.049236940,7.662899180,8,0,,,1,173213.ts ,
15:32:15,45.049155880,7.663009360,8,0,,,,173214.ts ,
15:32:18,45.049074820,7.663119540,8,0,,,1,173215.ts ,
15:32:21,45.048993760,7.663229720,8,0,,,1,173216.ts ,
15:32:24,45.0489127,7.6633399,8,0,,,1,173217.ts ,
15:32:27,45.048730840,7.663541740,8,0,,,1,173218.ts ,
15:32:30,45.048597343,7.663694993,8,0,,,1,173219.ts ,
15:32:33,45.048560571,7.663751071,8,0,,,1,173220.ts ,
15:32:36,45.048523800,7.663807150,8,0,,,,173221.ts ,
15:32:39,45.048487029,7.663863229,8,0,,,1,173222.ts ,
15:32:42,45.048450257,7.663919307,8,0,,,1,173223.ts ,
15:32:45,45.048629369,7.664198354,8,0,,,1,173224.ts ,
15:32:48,45.048916423,7.664588885,8,0,,,,173225.ts ,
15:32:51,45.049203477,7.664979415,8,0,,,1,173226.ts ,
15:32:54,45.049490531,7.665369946,8,0,,,1,173227.ts ,
15:32:57,45.0495064,7.6653040,8,0,,,1,173228.ts ,
15:33:00,45.049504667,7.665319300,8,0,,,1,173229.ts ,
15:33:03,45.049502933,7.665334600,8,0,,,1,173230.ts ,
15:33:06,45.049501200,7.665349900,8,0,,,1,173231.ts ,
15:33:09,45.049499467,7.665365200,8,0,,,1,173232.ts ,
15:33:12,45.049497733,7.665380500,8,0,,,1,173233.ts ,
15:33:15,45.049496000,7.665395800,8,0,,,1,173234.ts ,
15:33:18,45.049494267,7.665411100,8,0,,,1,173235.ts ,
15:33:21,45.049492533,7.665426400,8,0,,,,173236.ts ,
15:33:24,45.0494908,7.6654417,8,0,,,,173237.ts ,
15:33:27,45.049643948,7.665419726,8,0,,,1,173238.ts ,
15:33:30,45.049769870,7.665576815,8,0,,,1,173239.ts ,
15:33:33,45.049895793,7.665733904,8,0,,,1,173240.ts ,
15:33:36,45.050021715,7.665890993,8,0,,,1,173241.ts ,
15:33:39,45.050147637,7.666048081,8,0,,,1,173242.ts ,
15:33:42,45.050273559,7.666205170,8,0,,,1,173243.ts ,
15:33:45,45.050399481,7.666362259,8,0,,,1,173244.ts ,
15:33:48,45.050525404,7.666519348,8,0,,,1,173245.ts ,
15:33:51,45.050651326,7.666676437,8,0,,,1,173246.ts ,
15:33:54,45.050847367,7.666803333,8,0,,,1,173247.ts ,
15:33:57,45.051098555,7.667040182,8,0,,,,173248.ts ,
15:33:58,45.051185632,7.667139973,8,0,,,1,,
15:34:01,45.051446864,7.667439345,8,0,,,1,173249.ts 173250.ts ,10
15:34:04,45.051708095,7.667738718,8,0,,,1,173251.ts ,
15:34:07,45.051969327,7.668038091,8,0,,,1,173252.ts ,
15:34:10,45.052230559,7.668337464,8,0,,,1,173253.ts ,
15:34:13,45.052491791,7.668636836,8,0,,,1,173254.ts ,
15:34:16,45.052753023,7.668936209,8,0,,,1,173255.ts ,
15:34:19,45.052935700,7.669030600,8,0,,,1,173256.ts ,
15:34:22,45.052991819,7.669039436,8,0,,,1,173257.ts ,
15:34:25,45.053004298,7.669056740,8,0,,,1,173258.ts ,
15:34:28,45.053016777,7.669074045,8,0,,,1,173259.ts ,
15:34:31,45.053029255,7.669091349,8,0,,,1,173260.ts ,
15:34:34,45.053041734,7.669108653,8,0,,,1,173261.ts ,
15:34:37,45.053054213,7.669125957,8,0,,,1,173262.ts ,
15:34:40,45.053066691,7.669143262,8,0,,,,173263.ts ,
15:34:43,45.053079170,7.669160566,8,0,,,1,173264.ts ,
15:34:46,45.053091649,7.669177870,8,0,,,1,173265.ts ,
15:34:49,45.053104128,7.669195174,8,0,,,1,173266.ts ,
15:34:52,45.053116606,7.669212479,8,0,,,,173267.ts ,
15:34:55,45.053129085,7.669229783,8,0,,,,173268.ts ,
15:34:58,45.053141564,7.669247087,8,0,,,1,173269.ts ,
15:35:01,45.053154043,7.669264391,8,0,,,1,173270.ts ,
15:35:04,45.053166521,7.669281696,8,0,,,1,173271.ts ,
15:35:07,45.0531790,7.6692990,8,0,,,1,173272.ts ,
15:35:10,45.053371300,7.669591667,8,0,,,1,173273.ts ,
15:35:13,45.053563600,7.669884333,8,0,,,1,173274.ts ,
15:35:16,45.0537559,7.6701770,8,0,,,1,173275.ts ,
15:35:19,45.054000000,7.670414880,8,0,,,1,173276.ts ,
15:35:22,45.054244100,7.670652760,8,0,,,1,173277.ts ,
15:35:25,45.054488200,7.670890640,8,0,,,1,173278.ts ,
15:35:28,45.054732300,7.671128520,8,0,,,,173279.ts ,
15:35:31,45.0549764,7.6713664,8,0,,,,173280.ts ,
15:35:34,45.055120625,7.671429100,8,0,,,1,173281.ts ,
15:35:37,45.055297809,7.671288436,8,0,,,1,173282.ts ,
15:35:39,45.055426918,7.671126873,8,0,,,,,
15:35:42,45.055620582,7.670884527,8,0,,,1,173283.ts ,
15:35:45,45.055814245,7.670642182,8,0,,,1,173284.ts ,
15:35:48,45.056007909,7.670399836,8,0,,,1,173285.ts ,
15:35:51,45.056201573,7.670157491,8,0,,,1,173286.ts ,
15:35:54,45.056395236,7.669915145,8,0,,,1,173287.ts ,
15:35:57,45.0565889,7.6696728,8,0,,,1,173288.ts ,
15:36:00,45.056766758,7.669534017,8,0,,,1,173289.ts ,
15:36:03,45.056786733,7.669498367,8,0,,,1,173290.ts ,
15:36:06,45.056806708,7.669462717,8,0,,,1,173291.ts ,
15:36:09,45.056826683,7.669427067,8,0,,,1,173292.ts ,
15:36:12,45.056840438,7.669409413,8,0,,,1,173293.ts ,
15:36:15,45.056841750,7.669427750,8,0,,,1,173294.ts ,
15:36:18,45.056843063,7.669446087,8,0,,,1,173295.ts ,
15:36:21,45.056844375,7.669464425,8,0,,,1,173296.ts ,
15:36:24,45.056845688,7.669482762,8,0,,,1,173297.ts ,
15:36:27,45.0568470,7.6695011,8,0,,,1,173298.ts ,
15:36:30,45.056857250,7.669473925,8,0,,,1,173299.ts ,
15:36:33,45.056867500,7.669446750,8,0,,,,173300.ts ,
15:36:36,45.056877750,7.669419575,8,0,,,1,173301.ts ,
15:36:39,45.0568880,7.6693924,8,0,,,1,173302.ts ,
15:36:42,45.057016419,7.669163331,8,0,,,1,173303.ts ,
15:36:45,45.057144837,7.668934263,8,0,,,,173304.ts ,
15:36:48,45.057273256,7.668705194,8,0,,,1,173305.ts ,
15:36:51,45.057401675,7.668476125,8,0,,,,173306.ts ,
15:36:54,45.057530094,7.668247056,8,0,,,1,173307.ts ,
15:36:57,45.057657733,7.667938733,8,0,,,1,173308.ts ,
15:37:00,45.057784983,7.667590783,8,0,,,1,173309.ts ,
15:37:03,45.057856755,7.667397664,8,0,,,1,173310.ts ,
15:37:06,45.057900786,7.667281959,8,0,,,,173311.ts ,
15:37:09,45.057944818,7.667166255,8,0,,,1,173312.ts ,
15:37:12,45.057988850,7.667050550,8,0,,,1,173313.ts ,
15:37:15,45.058032882,7.666934845,8,0,,,1,173314.ts ,
15:37:18,45.058076914,7.666819141,8,0,,,,173315.ts ,
15:37:21,45.058120945,7.666703436,8,0,,,1,173316.ts ,
15:37:24,45.058175833,7.666579133,8,0,,,1,173317.ts ,
15:37:27,45.058252433,7.666437633,8,0,,,1,173318.ts ,
15:37:30,45.058346941,7.666226123,8,0,,,1,173319.ts ,
15:37:33,45.058477264,7.665874591,8,0,,,1,173320.ts ,
15:37:36,45.058607586,7.665523059,8,0,,,1,173321.ts ,
15:37:39,45.058737909,7.665171527,8,0,,,,173322.ts ,
15:37:42,45.058868232,7.664819995,8,0,,,1,173323.ts ,
15:37:45,45.058998555,7.664468464,8,0,,,1,173324.ts ,
15:37:48,45.059128877,7.664116932,8,0,,,1,173325.ts ,
15:37:51,45.0592592,7.6637654,8,0,,,1,173326.ts ,
15:37:54,45.059417150,7.663349850,8,0,,,1,173327.ts ,
15:37:57,45.0595751,7.6629343,8,0,,,1,173328.ts ,
15:38:00,45.059619159,7.662820123,8,0,,,1,173329.ts ,
15:38:03,45.059663218,7.662705945,8,0,,,1,173330.ts ,
15:38:06,45.059707277,7.662591768,8,0,,,1,173331.ts ,
15:38:09,45.059751336,7.662477591,8,0,,,1,173332.ts ,
15:38:12,45.059795395,7.662363414,8,0,,,,173333.ts ,
15:38:15,45.059839455,7.662249236,8,0,,,,173334.ts ,
15:38:18,45.059883514,7.662135059,8,0,,,1,173335.ts ,
15:38:21,45.059897700,7.662044667,8,0,,,1,173336.ts ,
15:38:24,45.059896950,7.661966167,8,0,,,1,173337.ts ,
15:38:27,45.0598967,7.6619400,8,0,,,1,173338.ts ,
15:38:30,45.059894150,7.661959680,8,0,,,1,173339.ts ,
15:38:33,45.059891600,7.661979360,8,0,,,1,173340.ts ,
15:38:36,45.059889050,7.661999040,8,0,,,1,173341.ts ,
15:38:39,45.059886500,7.662018720,8,0,,,1,173342.ts ,
15:38:42,45.059883950,7.662038400,8,0,,,1,173343.ts ,
15:38:43,45.059883100,7.662044960,8,0,,,,,
15:38:45,45.059881400,7.662058080,8,0,,,1,,
15:38:46,45.059880550,7.662064640,8,0,,,1,,
15:38:48,45.059881825,7.662054800,8,0,,,,,10
15:38:50,45.059886075,7.662022000,8,0,,,1,,10
15:38:51,45.059888200,7.662005600,8,0,,,1,,10
15:38:53,45.059892450,7.661972800,8,0,,,1,,10
15:38:54,45.059894575,7.661956400,8,0,,,1,,10
15:38:56,45.059920225,7.661884300,8,0,,,1,,10
15:38:57,45.059943750,7.661828600,8,0,,,1,,10
15:38:59,45.059990800,7.661717200,8,0,,,,,10
15:39:00,45.060014325,7.661661500,8,0,,,1,,10
15:39:02,45.060061375,7.661550100,8,0,,,1,,10
15:39:03,45.060084900,7.661494400,8,0,,,1,,10
15:39:05,45.060131950,7.661383000,8,0,,,1,,10
15:39:06,45.060155475,7.661327300,8,0,,,1,,10
15:39:08,45.060202525,7.661215900,8,0,,,1,,10
15:39:09,45.060226050,7.661160200,8,0,,,1,173352.ts ,10
15:39:10,45.060249575,7.661104500,4,0,,,,,
15:39:12,45.060296625,7.660993100,4,0,,,,173352.ts 173351.ts ,10
15:39:13,45.060320150,7.660937400,8,0,,,1,173351.ts 173353.ts ,10
15:39:15,45.0603672,7.6608260,4,0,,,,,
15:39:17,45.0604416,7.6605505,8,0,,,1,173353.ts 173354.ts 173355.ts ,10
15:39:20,45.060510865,7.660382004,8,0,,,1,173356.ts ,
15:39:23,45.060580131,7.660213508,8,0,,,1,173357.ts ,
15:39:26,45.060649396,7.660045012,8,0,,,1,173358.ts ,
15:39:29,45.060718662,7.659876515,8,0,,,1,173359.ts ,
15:39:32,45.060787927,7.659708019,8,0,,,,173360.ts ,
15:39:35,45.060857192,7.659539523,8,0,,,1,173361.ts ,
15:39:38,45.060926458,7.659371027,8,0,,,1,173362.ts ,
15:39:41,45.060995723,7.659202531,8,0,,,1,173363.ts ,
15:39:44,45.061063300,7.659096500,8,0,,,1,173364.ts ,
15:39:47,45.061096100,7.659071818,8,0,,,1,173365.ts ,
15:39:48,45.061101800,7.659056327,8,0,,,,173366.ts ,
15:39:50,45.061113200,7.659025345,8,0,,,,,
15:39:53,45.061130300,7.658978873,8,0,,,1,173367.ts ,
15:39:56,45.061147400,7.658932400,8,0,,,1,173368.ts ,
15:39:59,45.061164500,7.658885927,8,0,,,1,173369.ts ,
15:40:02,45.061181600,7.658839455,8,0,,,1,173370.ts ,
15:40:05,45.061198700,7.658792982,8,0,,,,173371.ts ,
15:40:08,45.061224575,7.658682875,8,0,,,1,173372.ts ,
15:40:11,45.0612680,7.6584455,8,0,,,1,173373.ts ,
15:40:14,45.061415225,7.658144688,8,0,,,1,173374.ts ,
15:40:17,45.061562450,7.657843875,8,0,,,1,173375.ts ,
15:40:20,45.061709675,7.657543063,8,0,,,1,173376.ts ,
15:40:23,45.061856900,7.657242250,8,0,,,1,173377.ts ,
15:40:26,45.062004125,7.656941437,8,0,,,,173378.ts ,
15:40:29,45.062151350,7.656640625,8,0,,,1,173379.ts ,
15:40:32,45.062298575,7.656339812,8,0,,,1,173380.ts ,
15:40:35,45.0624458,7.6560390,8,0,,,1,173381.ts ,
15:40:38,45.062692175,7.656065850,8,0,,,,173382.ts ,
15:40:41,45.062939114,7.656014400,8,0,,,1,173383.ts ,
15:40:44,45.063186336,7.655923800,8,0,,,1,173384.ts ,
15:40:47,45.063433557,7.655833200,8,0,,,1,173385.ts ,
15:40:50,45.063680779,7.655742600,8,0,,,1,173386.ts ,
15:40:53,45.0639280,7.6556520,8,0,,,1,173387.ts ,
15:40:56,45.064135450,7.655874375,8,0,,,1,173388.ts ,
15:40:59,45.064301720,7.656024100,8,0,,,1,173389.ts ,
15:41:02,45.064447400,7.656137500,8,0,,,1,173390.ts ,
15:41:05,45.064593080,7.656250900,8,0,,,1,173391.ts ,
15:41:08,45.064745233,7.656364828,8,0,,,1,173392.ts ,
15:41:11,45.064910333,7.656479811,8,0,,,,173393.ts ,
15:41:14,45.065075433,7.656594794,8,0,,,,173394.ts ,
15:41:17,45.065240533,7.656709778,8,0,,,1,173395.ts ,
15:41:20,45.065405633,7.656824761,8,0,,,1,173396.ts ,
15:41:23,45.065570733,7.656939744,8,0,,,1,173397.ts ,
15:41:26,45.065756860,7.657068540,8,0,,,1,173398.ts ,
15:41:29,45.065985040,7.657224960,8,0,,,1,173399.ts ,
15:41:32,45.066213220,7.657381380,8,0,,,1,173400.ts ,
15:41:35,45.0664414,7.6575378,8,0,,,1,173401.ts ,
15:41:38,45.066658650,7.657718650,8,0,,,1,173402.ts ,
15:41:41,45.066875900,7.657899500,8,0,,,1,173403.ts ,
15:41:44,45.067093150,7.658080350,8,0,,,,173404.ts ,
15:41:47,45.0673104,7.6582612,8,0,,,1,173405.ts ,
15:41:50,45.067439681,7.658283887,8,0,,,1,173406.ts ,
15:41:53,45.067568962,7.658306575,8,0,,,1,173407.ts ,
15:41:56,45.067698244,7.658329263,8,0,,,1,173408.ts ,
15:41:59,45.067827525,7.658351950,8,0,,,1,173409.ts ,
15:42:02,45.067956806,7.658374637,8,0,,,1,173410.ts ,
15:42:05,45.068050783,7.658260367,8,0,,,1,173411.ts ,
15:42:08,45.068127108,7.658077617,8,0,,,1,173412.ts ,
15:42:11,45.068203433,7.657894867,8,0,,,1,173413.ts ,
15:42:14,45.068279758,7.657712117,8,0,,,1,173414.ts ,
15:42:17,45.068325400,7.657532600,8,0,,,,173415.ts ,
15:42:20,45.068355700,7.657354700,8,0,,,1,173416.ts ,
15:42:23,45.068386000,7.657176800,8,0,,,,173417.ts ,
15:42:26,45.068416300,7.656998900,8,0,,,1,173418.ts ,
15:42:29,45.068446600,7.656821000,8,0,,,,173419.ts ,
15:42:32,45.068429400,7.656676400,8,0,,,1,173420.ts ,
15:42:35,45.068317200,7.656598400,8,0,,,1,173421.ts ,
15:42:38,45.068210793,7.656526779,8,0,,,1,173422.ts ,
15:42:41,45.068115971,7.656467914,8,0,,,1,173423.ts ,
15:42:44,45.068021150,7.656409050,8,0,,,1,173424.ts ,
15:42:47,45.067926329,7.656350186,8,0,,,1,173425.ts ,
15:42:50,45.067831507,7.656291321,8,0,,,,173426.ts ,
15:42:53,45.067736550,7.656235025,8,0,,,1,173427.ts ,
15:42:56,45.067641525,7.656180013,8,0,,,1,173428.ts ,
15:42:59,45.0675465,7.6561250,8,0,,,,173429.ts ,
15:43:02,45.067518270,7.656107750,8,0,,,1,173430.ts ,
15:43:05,45.067490040,7.656090500,8,0,,,1,173431.ts ,
15:43:08,45.067461810,7.656073250,8,0,,,1,173432.ts ,